annotate!,30.001
annotate!,34.001
annotate!,34.002
annotate!,38.001
annotate!,38.002
annotate!,42.001
annotate!,42.002
annotate!,46.001
annotate!,46.002
annotate!,50.001
annotate!,50.002
annotate!,54.001
annotate!,58.001
annotate!,62.001
annotate!,66.001
annotate!,70.001
annotate!,74.001
annotate!,74.002
annotate!,78.001
annotate!,78.002
annotate!,82.001
annotate!,82.002
annotate!,86.001
annotate!,86.002
annotate!,90.001
annotate!,90.002
annotate!,94.001
annotate!,94.002
annotate!,98.001
annotate!,98.002
annotate!,102.001
annotate!,102.002
annotate!,106.001
annotate!,106.002
annotate!,110.001
annotate!,110.002
annotate!,114.001
annotate!,118.001
annotate!,118.002
annotate!,122.001
annotate!,122.002
annotate!,126.001
annotate!,126.002
annotate!,130.001
annotate!,130.002
annotate!,134.001
annotate!,134.002
annotate!,138.001
annotate!,138.002
annotate!,142.001
annotate!,142.002
annotate!,146.001
annotate!,146.002
annotate!,150.001
annotate!,150.002
annotate!,154.001
annotate!,154.002
annotate!,158.001
annotate!,162.001
annotate!,166.001
annotate!,170.001
annotate!,174.001
annotate!,174.002
annotate!,178.001
annotate!,178.002
annotate!,182.001
annotate!,182.002
annotate!,186.001
annotate!,186.002
annotate!,190.001
annotate!,190.002
annotate!,194.001
annotate!,194.002
annotate!,198.001
annotate!,198.002
annotate!,202.001
annotate!,202.002
annotate!,206.001
annotate!,206.002
annotate!,210.001
annotate!,210.002
annotate!,214.001
annotate!,218.001
annotate!,222.001
annotate!,226.001
annotate!,230.001
annotate!,234.001
annotate!,238.001
annotate!,242.001
annotate!,246.001
annotate!,250.001
annotate!,254.001
annotate!,258.001
annotate!,262.001
annotate!,262.002
annotate!,266.001
annotate!,266.002
annotate!,270.001
annotate!,274.001
annotate!,278.001
annotate!,282.001
annotate!,282.002
annotate!,286.001
annotate!,286.002
annotate!,290.001
annotate!,294.001
annotate!,294.002
annotate!,298.001
annotate!,298.002
annotate!,302.001
annotate!,302.002
annotate!,306.001
annotate!,310.001
annotate!,310.002
annotate!,314.001
annotate!,318.001
annotate!,322.001
annotate!,326.001
annotate!,330.001
annotate!,334.001
annotate!,338.001
annotate!,342.001
annotate!,346.001
annotate!,350.001
annotate!,354.001
annotate!,358.001
annotate!,362.001
annotate!,366.001
annotate!,370.001
annotate!,382.001
annotate!,386.001
annotate!,394.001
annotate!,406.001
annotate!,406.002
annotate!,410.001
annotate!,414.001
annotate!,418.001
annotate!,422.001
annotate!,422.002
annotate!,426.001
annotate!,430.001
annotate!,434.001
annotate!,438.001
annotate!,442.001
annotate!,446.001
annotate!,446.002
annotate!,450.001
annotate!,454.001
annotate!,454.002
annotate!,458.001
annotate!,462.001
annotate!,466.001
annotate!,470.001
annotate!,474.001
annotate!,474.002
annotate!,478.001
annotate!,482.001
annotate!,482.002
annotate!,486.001
annotate!,486.002
annotate!,490.001
annotate!,494.001
annotate!,498.001
annotate!,498.002
annotate!,502.001
annotate!,502.002
annotate!,506.001
annotate!,506.002
annotate!,510.001
annotate!,510.002
annotate!,514.001
annotate!,514.002
annotate!,518.001
annotate!,522.001
annotate!,526.001
annotate!,526.002
annotate!,530.001
annotate!,534.001
annotate!,538.001
annotate!,542.001
annotate!,546.001
annotate!,546.002
annotate!,550.001
annotate!,550.002
annotate!,554.001
annotate!,558.001
annotate!,562.001
annotate!,566.001
annotate!,566.002
annotate!,570.001
annotate!,570.002
annotate!,574.001
annotate!,578.001
annotate!,582.001
annotate!,586.001
annotate!,590.001
annotate!,590.002
annotate!,594.001
annotate!,594.002
annotate!,598.001
annotate!,598.002
annotate!,602.001
annotate!,602.002
annotate!,606.001
annotate!,606.002
annotate!,610.001
annotate!,610.002
annotate!,614.001
annotate!,614.002
annotate!,618.001
annotate!,618.002
annotate!,622.001
annotate!,622.002
annotate!,626.001
annotate!,626.002
annotate!,630.001
annotate!,630.002
annotate!,634.001
annotate!,634.002
annotate!,638.001
annotate!,638.002
annotate!,642.001
annotate!,642.002
annotate!,646.001
annotate!,650.001
annotate!,654.001
annotate!,654.002
annotate!,658.001
annotate!,658.002
annotate!,662.001
annotate!,666.001
annotate!,670.001
annotate!,674.001
annotate!,678.001
annotate!,686.001
annotate!,686.002
annotate!,694.001
annotate!,698.001
annotate!,702.001
annotate!,706.001
annotate!,706.002
annotate!,710.001
annotate!,710.002
annotate!,714.001
annotate!,714.002
annotate!,718.001
annotate!,718.002
annotate!,722.001
annotate!,722.002
annotate!,726.001
annotate!,726.002
annotate!,730.001
annotate!,730.002
annotate!,734.001
annotate!,734.002
annotate!,738.001
annotate!,738.002
annotate!,742.001
annotate!,742.002
annotate!,746.001
annotate!,750.001
annotate!,750.002
annotate!,754.001
annotate!,754.002
annotate!,758.001
annotate!,758.002
annotate!,762.001
annotate!,762.002
annotate!,766.001
annotate!,770.001
annotate!,774.001
annotate!,774.002
annotate!,778.001
annotate!,782.001
annotate!,786.001
annotate!,790.001
annotate!,794.001
annotate!,798.001
annotate!,802.001
annotate!,802.002
annotate!,806.001
annotate!,806.002
annotate!,810.001
annotate!,814.001
annotate!,818.001
annotate!,818.002
annotate!,822.001
annotate!,822.002
annotate!,826.001
annotate!,826.002
annotate!,830.001
annotate!,830.002
annotate!,834.001
annotate!,834.002
annotate!,838.001
annotate!,838.002
annotate!,842.001
annotate!,842.002
annotate!,846.001
annotate!,850.001
annotate!,850.002
annotate!,854.001
annotate!,854.002
annotate!,858.001
annotate!,858.002
annotate!,862.001
annotate!,862.002
annotate!,866.001
annotate!,866.002
annotate!,870.001
annotate!,870.002
annotate!,874.001
annotate!,874.002
annotate!,878.001
annotate!,878.002
annotate!,882.001
annotate!,882.002
annotate!,886.001
annotate!,886.002
annotate!,890.001
annotate!,890.002
annotate!,894.001
annotate!,894.002
annotate!,898.001
annotate!,902.001
annotate!,906.001
annotate!,910.001
annotate!,914.001
annotate!,918.001
annotate!,922.001
annotate!,926.001
annotate!,930.001
annotate!,934.001
annotate!,938.001
annotate!,942.001
annotate!,946.001
annotate!,950.001
annotate!,954.001
annotate!,958.001
annotate!,962.001
annotate!,966.001
annotate!,970.001
annotate!,974.001
annotate!,978.001
annotate!,982.001
annotate!,986.001
annotate!,994.001
annotate!,998.001
annotate!,1002.001
annotate!,1006.001
annotate!,1006.002
annotate!,1010.001
annotate!,1010.002
annotate!,1014.001
annotate!,1014.002
annotate!,1018.001
annotate!,1018.002
annotate!,1022.001
annotate!,1022.002
annotate!,1026.001
annotate!,1026.002
annotate!,1030.001
annotate!,1030.002
annotate!,1034.001
annotate!,1042.001
annotate!,1066.001
annotate!,1070.001
annotate!,1070.002
annotate!,1074.001
annotate!,1078.001
annotate!,1082.001
annotate!,1086.001
annotate!,1086.002
annotate!,1090.001
annotate!,1090.002
annotate!,1094.001
annotate!,1094.002
annotate!,1098.001
annotate!,1098.002
annotate!,1102.001
annotate!,1102.002
annotate!,1106.001
annotate!,1106.002
annotate!,1110.001
annotate!,1110.002
annotate!,1114.001
annotate!,1114.002
annotate!,1118.001
annotate!,1118.002
annotate!,1122.001
annotate!,1122.002
annotate!,1126.001
annotate!,1126.002
annotate!,1130.001
annotate!,1130.002
annotate!,1134.001
annotate!,1134.002
annotate!,1138.001
annotate!,1138.002
annotate!,1142.001
annotate!,1142.002
annotate!,1146.001
annotate!,1146.002
annotate!,1150.001
annotate!,1154.001
annotate!,1154.002
annotate!,1158.001
annotate!,1158.002
annotate!,1162.001
annotate!,1166.001
annotate!,1170.001
annotate!,1170.002
annotate!,1174.001
annotate!,1174.002
annotate!,1178.001
annotate!,1178.002
annotate!,1182.001
annotate!,1182.002
annotate!,1186.001
annotate!,1186.002
annotate!,1190.001
annotate!,1194.001
annotate!,1194.002
annotate!,1198.001
annotate!,1198.002
annotate!,1202.001
annotate!,1202.002
annotate!,1206.001
annotate!,1206.002
annotate!,1210.001
annotate!,1210.002
annotate!,1214.001
annotate!,1214.002
annotate!,1218.001
annotate!,1218.002
annotate!,1222.001
annotate!,1222.002
annotate!,1226.001
annotate!,1226.002
annotate!,1230.001
annotate!,1230.002
annotate!,1234.001
annotate!,1234.002
annotate!,1238.001
annotate!,1238.002
annotate!,1242.001
annotate!,1242.002
annotate!,1246.001
annotate!,1246.002
annotate!,1250.001
annotate!,1250.002
annotate!,1254.001
annotate!,1254.002
annotate!,1258.001
annotate!,1258.002
annotate!,1262.001
annotate!,1262.002
annotate!,1266.001
annotate!,1266.002
annotate!,1270.001
annotate!,1274.001
annotate!,1274.002
annotate!,1278.001
annotate!,1278.002
annotate!,1282.001
annotate!,1282.002
annotate!,1286.001
annotate!,1290.001
annotate!,1290.002
annotate!,1294.001
annotate!,1294.002
annotate!,1298.001
annotate!,1298.002
annotate!,1302.001
annotate!,1302.002
annotate!,1306.001
annotate!,1306.002
annotate!,1310.001
annotate!,1310.002
annotate!,1314.001
annotate!,1314.002
annotate!,1318.001
annotate!,1318.002
annotate!,1322.001
annotate!,1326.001
annotate!,1330.001
annotate!,1330.002
annotate!,1334.001
annotate!,1338.001
annotate!,1338.002
annotate!,1342.001
annotate!,1342.002
annotate!,1346.001
annotate!,1346.002
annotate!,1350.001
annotate!,1350.002
annotate!,1354.001
annotate!,1354.002
annotate!,1358.001
annotate!,1358.002
annotate!,1362.001
annotate!,1362.002
annotate!,1366.001
annotate!,1366.002
annotate!,1370.001
annotate!,1370.002
annotate!,1374.001
annotate!,1374.002
annotate!,1378.001
annotate!,1378.002
annotate!,1382.001
annotate!,1382.002
annotate!,1386.001
annotate!,1386.002
annotate!,1390.001
annotate!,1390.002
annotate!,1394.001
annotate!,1394.002
annotate!,1398.001
annotate!,1398.002
annotate!,1402.001
annotate!,1402.002
annotate!,1406.001
annotate!,1406.002
annotate!,1410.001
annotate!,1410.002
annotate!,1414.001
annotate!,1414.002
annotate!,1418.001
annotate!,1418.002
annotate!,1422.001
annotate!,1422.002
annotate!,1426.001
annotate!,1426.002
annotate!,1430.001
annotate!,1430.002
annotate!,1434.001
annotate!,1434.002
annotate!,1438.001
annotate!,1438.002
annotate!,1442.001
annotate!,1442.002
annotate!,1446.001
annotate!,1446.002
annotate!,1450.001
annotate!,1450.002
annotate!,1454.001
annotate!,1454.002
annotate!,1458.001
annotate!,1458.002
annotate!,1462.001
annotate!,1462.002
annotate!,1466.001
annotate!,1466.002
annotate!,1470.001
annotate!,1470.002
annotate!,1474.001
annotate!,1474.002
annotate!,1478.001
annotate!,1478.002
annotate!,1482.001
annotate!,1482.002
annotate!,1486.001
annotate!,1486.002
annotate!,1490.001
annotate!,1490.002
annotate!,1494.001
annotate!,1494.002
annotate!,1498.001
annotate!,1498.002
annotate!,1502.001
annotate!,1502.002
annotate!,1506.001
annotate!,1506.002
annotate!,1510.001
annotate!,1514.001
annotate!,1518.001
annotate!,1522.001
annotate!,1522.002
annotate!,1526.001
annotate!,1526.002
annotate!,1530.001
annotate!,1530.002
annotate!,1534.001
annotate!,1534.002
annotate!,1538.001
annotate!,1538.002
annotate!,1542.001
annotate!,1542.002
annotate!,1546.001
annotate!,1546.002
annotate!,1550.001
annotate!,1550.002
annotate!,1554.001
annotate!,1558.001
annotate!,1562.001
annotate!,1562.002
annotate!,1566.001
annotate!,1566.002
annotate!,1570.001
annotate!,1570.002
annotate!,1574.001
annotate!,1574.002
annotate!,1578.001
annotate!,1578.002
annotate!,1582.001
annotate!,1582.002
annotate!,1586.001
annotate!,1586.002
annotate!,1590.001
annotate!,1590.002
annotate!,1594.001
annotate!,1594.002
annotate!,1598.001
annotate!,1598.002
annotate!,1602.001
annotate!,1602.002
annotate!,1606.001
annotate!,1606.002
annotate!,1610.001
annotate!,1610.002
annotate!,1614.001
annotate!,1614.002
annotate!,1618.001
annotate!,1618.002
annotate!,1622.001
annotate!,1622.002
annotate!,1626.001
annotate!,1626.002
annotate!,1630.001
annotate!,1630.002
annotate!,1634.001
annotate!,1634.002
annotate!,1638.001
annotate!,1638.002
annotate!,1642.001
annotate!,1642.002
annotate!,1646.001
annotate!,1650.001
annotate!,1654.001
annotate!,1658.001
annotate!,1662.001
annotate!,1662.002
annotate!,1666.001
annotate!,1666.002
annotate!,1670.001
annotate!,1674.001
annotate!,1682.001
annotate!,1690.001
annotate!,1694.001
annotate!,1694.002
annotate!,1698.001
annotate!,1698.002
annotate!,1702.001
annotate!,1702.002
annotate!,1706.001
annotate!,1706.002
annotate!,1710.001
annotate!,1710.002
annotate!,1714.001
annotate!,1718.001
annotate!,1718.002
annotate!,1722.001
annotate!,1722.002
annotate!,1726.001
annotate!,1726.002
annotate!,1730.001
annotate!,1730.002
annotate!,1734.001
annotate!,1738.001
annotate!,1742.001
annotate!,1746.001
annotate!,1750.001
annotate!,1750.002
annotate!,1754.001
annotate!,1758.001
annotate!,1762.001
annotate!,1762.002
annotate!,1766.001
annotate!,1766.002
annotate!,1770.001
annotate!,1770.002
annotate!,1774.001
annotate!,1774.002
annotate!,1778.001
annotate!,1778.002
annotate!,1782.001
annotate!,1782.002
annotate!,1786.001
annotate!,1786.002
annotate!,1790.001
annotate!,1790.002
annotate!,1794.001
annotate!,1794.002
annotate!,1798.001
annotate!,1802.001
annotate!,1806.001
annotate!,1806.002
annotate!,1810.001
annotate!,1814.001
annotate!,1814.002
annotate!,1818.001
annotate!,1818.002
annotate!,1822.001
annotate!,1826.001
annotate!,1826.002
annotate!,1830.001
annotate!,1834.001
annotate!,1834.002
annotate!,1838.001
annotate!,1838.002
annotate!,1842.001
annotate!,1842.002
annotate!,1846.001
annotate!,1846.002
annotate!,1850.001
annotate!,1850.002
annotate!,1854.001
annotate!,1854.002
annotate!,1858.001
annotate!,1858.002
annotate!,1862.001
annotate!,1862.002
annotate!,1866.001
annotate!,1866.002
annotate!,1870.001
annotate!,1870.002
annotate!,1874.001
annotate!,1874.002
annotate!,1878.001
annotate!,1878.002
annotate!,1882.001
annotate!,1882.002
annotate!,1886.001
annotate!,1886.002
annotate!,1890.001
annotate!,1890.002
annotate!,1894.001
annotate!,1894.002
annotate!,1898.001
annotate!,1898.002
annotate!,1902.001
annotate!,1902.002
annotate!,1906.001
annotate!,1906.002
annotate!,1910.001
annotate!,1914.001
annotate!,1914.002
annotate!,1918.001
annotate!,1918.002
annotate!,1922.001
annotate!,1922.002
annotate!,1926.001
annotate!,1930.001
annotate!,1934.001
annotate!,1938.001
annotate!,1942.001
annotate!,1942.002
annotate!,1946.001
annotate!,1950.001
annotate!,1950.002
annotate!,1954.001
annotate!,1954.002
annotate!,1958.001
annotate!,1958.002
annotate!,1962.001
annotate!,1966.001
annotate!,1970.001
annotate!,1970.002
annotate!,1974.001
annotate!,1978.001
annotate!,1982.001
annotate!,1982.002
annotate!,1986.001
annotate!,1986.002
annotate!,1990.001
annotate!,1990.002
annotate!,1994.001
annotate!,1994.002
annotate!,1998.001
annotate!,1998.002
annotate!,2002.001
annotate!,2002.002
annotate!,2006.001
annotate!,2006.002
annotate!,2010.001
annotate!,2010.002
annotate!,2014.001
annotate!,2014.002
annotate!,2018.001
annotate!,2018.002
annotate!,2022.001
annotate!,2022.002
annotate!,2026.001
annotate!,2026.002
annotate!,2030.001
annotate!,2030.002
annotate!,2034.001
annotate!,2034.002
annotate!,2038.001
annotate!,2038.002
annotate!,2042.001
annotate!,2042.002
annotate!,2046.001
annotate!,2046.002
annotate!,2050.001
annotate!,2050.002
annotate!,2054.001
annotate!,2054.002
annotate!,2058.001
annotate!,2062.001
annotate!,2066.001
annotate!,2066.002
annotate!,2070.001
annotate!,2070.002
annotate!,2074.001
annotate!,2074.002
annotate!,2078.001
annotate!,2078.002
annotate!,2082.001
annotate!,2082.002
annotate!,2086.001
annotate!,2086.002
annotate!,2090.001
annotate!,2090.002
annotate!,2094.001
annotate!,2098.001
annotate!,2102.001
annotate!,2106.001
annotate!,2222.001
annotate!,2226.001
annotate!,2230.001
annotate!,2234.001
annotate!,2238.001
annotate!,2238.002
annotate!,2242.001
annotate!,2242.002
annotate!,2246.001
annotate!,2250.001
annotate!,2250.002
annotate!,2254.001
annotate!,2254.002
annotate!,2258.001
annotate!,2258.002
annotate!,2262.001
annotate!,2262.002
annotate!,2266.001
annotate!,2266.002
annotate!,2270.001
annotate!,2270.002
annotate!,2274.001
annotate!,2274.002
annotate!,2278.001
annotate!,2282.001
annotate!,2286.001
annotate!,2286.002
annotate!,2290.001
annotate!,2294.001
annotate!,2294.002
annotate!,2298.001
annotate!,2298.002
annotate!,2302.001
annotate!,2302.002
annotate!,2306.001
annotate!,2310.001
annotate!,2314.001
annotate!,2314.002
annotate!,2318.001
annotate!,2318.002
annotate!,2322.001
annotate!,2322.002
annotate!,2326.001
annotate!,2330.001
annotate!,2330.002
annotate!,2334.001
annotate!,2334.002
annotate!,2338.001
annotate!,2338.002
annotate!,2342.001
annotate!,2342.002
annotate!,2346.001
annotate!,2346.002
annotate!,2350.001
annotate!,2350.002
annotate!,2354.001
annotate!,2354.002
annotate!,2358.001
annotate!,2358.002
annotate!,2362.001
annotate!,2362.002
annotate!,2366.001
annotate!,2366.002
annotate!,2370.001
annotate!,2370.002
annotate!,2374.001
annotate!,2374.002
annotate!,2378.001
annotate!,2382.001
annotate!,2382.002
annotate!,2386.001
annotate!,2386.002
annotate!,2390.001
annotate!,2394.001
annotate!,2398.001
annotate!,2402.001
annotate!,2406.001
annotate!,2410.001
annotate!,2414.001
annotate!,2418.001
annotate!,2422.001
annotate!,2426.001
annotate!,2426.002
annotate!,2430.001
annotate!,2430.002
annotate!,2434.001
annotate!,2434.002
annotate!,2438.001
annotate!,2438.002
annotate!,2442.001
annotate!,2442.002
annotate!,2446.001
annotate!,2446.002
annotate!,2450.001
annotate!,2450.002
annotate!,2454.001
annotate!,2454.002
annotate!,2458.001
annotate!,2458.002
annotate!,2462.001
annotate!,2462.002
annotate!,2466.001
annotate!,2466.002
annotate!,2470.001
annotate!,2470.002
annotate!,2474.001
annotate!,2474.002
annotate!,2478.001
annotate!,2478.002
annotate!,2482.001
annotate!,2482.002
annotate!,2486.001
annotate!,2486.002
annotate!,2490.001
annotate!,2490.002
annotate!,2494.001
annotate!,2494.002
annotate!,2498.001
annotate!,2506.001
annotate!,2506.002
annotate!,2510.001
annotate!,2514.001
annotate!,2514.002
annotate!,2518.001
annotate!,2518.002
annotate!,2522.001
annotate!,2522.002
annotate!,2526.001
annotate!,2526.002
annotate!,2530.001
annotate!,2530.002
annotate!,2534.001
annotate!,2534.002
annotate!,2538.001
annotate!,2538.002
annotate!,2542.001
annotate!,2542.002
annotate!,2546.001
annotate!,2546.002
annotate!,2550.001
annotate!,2550.002
annotate!,2554.001
annotate!,2554.002
annotate!,2558.001
annotate!,2558.002
annotate!,2562.001
annotate!,2562.002
annotate!,2566.001
annotate!,2566.002
annotate!,2570.001
annotate!,2570.002
annotate!,2574.001
annotate!,2574.002
annotate!,2578.001
annotate!,2578.002
annotate!,2582.001
annotate!,2582.002
annotate!,2586.001
annotate!,2586.002
annotate!,2590.001
annotate!,2590.002
annotate!,2594.001
annotate!,2594.002
annotate!,2598.001
annotate!,2598.002
annotate!,2602.001
annotate!,2602.002
annotate!,2606.001
annotate!,2606.002
annotate!,2610.001
annotate!,2610.002
annotate!,2614.001
annotate!,2614.002
annotate!,2618.001
annotate!,2618.002
annotate!,2622.001
annotate!,2622.002
annotate!,2626.001
annotate!,2634.001
annotate!,2638.001
annotate!,2638.002
annotate!,2642.001
annotate!,2642.002
annotate!,2646.001
annotate!,2646.002
annotate!,2650.001
annotate!,2650.002
annotate!,2654.001
annotate!,2654.002
annotate!,2658.001
annotate!,2662.001
annotate!,2662.002
annotate!,2666.001
annotate!,2666.002
annotate!,2670.001
annotate!,2670.002
annotate!,2674.001
annotate!,2674.002
annotate!,2678.001
annotate!,2678.002
annotate!,2682.001
annotate!,2682.002
annotate!,2686.001
annotate!,2686.002
annotate!,2690.001
annotate!,2690.002
annotate!,2694.001
annotate!,2694.002
annotate!,2698.001
annotate!,2698.002
annotate!,2702.001
annotate!,2706.001
annotate!,2706.002
annotate!,2710.001
annotate!,2710.002
annotate!,2714.001
annotate!,2718.001
annotate!,2718.002
annotate!,2722.001
annotate!,2726.001
annotate!,2730.001
annotate!,2734.001
annotate!,2734.002
annotate!,2738.001
annotate!,2738.002
annotate!,2742.001
annotate!,2742.002
annotate!,2746.001
annotate!,2746.002
annotate!,2754.001
annotate!,2754.002
annotate!,2758.001
annotate!,2762.001
annotate!,2766.001
annotate!,2770.001
annotate!,2770.002
annotate!,2774.001
annotate!,2774.002
annotate!,2778.001
annotate!,2778.002
annotate!,2782.001
annotate!,2782.002
annotate!,2786.001
annotate!,2790.001
annotate!,2790.002
annotate!,2794.001
annotate!,2794.002
annotate!,2798.001
annotate!,2798.002
annotate!,2802.001
annotate!,2802.002
annotate!,2806.001
annotate!,2810.001
annotate!,2814.001
annotate!,2818.001
annotate!,2818.002
annotate!,2822.001
annotate!,2822.002
annotate!,2826.001
annotate!,2826.002
annotate!,2830.001
annotate!,2830.002
annotate!,2834.001
annotate!,2834.002
annotate!,2838.001
annotate!,2842.001
annotate!,2846.001
annotate!,2850.001
annotate!,2854.001
annotate!,2854.002
annotate!,2858.001
annotate!,2858.002
annotate!,2862.001
annotate!,2862.002
annotate!,2866.001
annotate!,2866.002
annotate!,2870.001
annotate!,2870.002
annotate!,2874.001
annotate!,2874.002
annotate!,2878.001
annotate!,2878.002
annotate!,2882.001
annotate!,2882.002
annotate!,2886.001
annotate!,2886.002
annotate!,2890.001
annotate!,2890.002
annotate!,2894.001
annotate!,2894.002
annotate!,2898.001
annotate!,2898.002
annotate!,2902.001
annotate!,2902.002
annotate!,2906.001
annotate!,2906.002
annotate!,2910.001
annotate!,2910.002
annotate!,2914.001
annotate!,2914.002
annotate!,2914.003
annotate!,2918.001
annotate!,2918.002
annotate!,2918.003
annotate!,2922.001
annotate!,2922.002
annotate!,2926.001
annotate!,2926.002
annotate!,2930.001
annotate!,2930.002
annotate!,2930.003
annotate!,2934.001
annotate!,2934.002
annotate!,2934.003
annotate!,2938.001
annotate!,2938.002
annotate!,2942.001
annotate!,2942.002
annotate!,2946.001
annotate!,2950.001
annotate!,2950.002
annotate!,2954.001
annotate!,2954.002
annotate!,2958.001
annotate!,2958.002
annotate!,2962.001
annotate!,2962.002
annotate!,2966.001
annotate!,2966.002
annotate!,2970.001
annotate!,2970.002
annotate!,2974.001
annotate!,2974.002
annotate!,2978.001
annotate!,2978.002
annotate!,2982.001
annotate!,2982.002
annotate!,2986.001
annotate!,2986.002
annotate!,2990.001
annotate!,2990.002
annotate!,2994.001
annotate!,2994.002
annotate!,2998.001
annotate!,2998.002
annotate!,3002.001
annotate!,3002.002
annotate!,3006.001
annotate!,3006.002
annotate!,3010.001
annotate!,3010.002
annotate!,3014.001
annotate!,3014.002
annotate!,3018.001
annotate!,3022.001
annotate!,3026.001
annotate!,3026.002
annotate!,3030.001
annotate!,3034.001
annotate!,3038.001
annotate!,3046.001
annotate!,3050.001
annotate!,3054.001
annotate!,3058.001
annotate!,3062.001
annotate!,3062.002
annotate!,3066.001
annotate!,3066.002
annotate!,3070.001
annotate!,3070.002
annotate!,3074.001
annotate!,3074.002
annotate!,3078.001
annotate!,3078.002
annotate!,3082.001
annotate!,3082.002
annotate!,3086.001
annotate!,3086.002
annotate!,3090.001
annotate!,3090.002
annotate!,3094.001
annotate!,3094.002
annotate!,3098.001
annotate!,3098.002
annotate!,3102.001
annotate!,3102.002
annotate!,3106.001
annotate!,3106.002
annotate!,3110.001
annotate!,3110.002
annotate!,3114.001
annotate!,3114.002
annotate!,3118.001
annotate!,3118.002
annotate!,3122.001
annotate!,3126.001
annotate!,3130.001
annotate!,3134.001
annotate!,3138.001
annotate!,3142.001
annotate!,3146.001
annotate!,3150.001
annotate!,3154.001
annotate!,3158.001
annotate!,3166.001
annotate!,3170.001
annotate!,3174.001
annotate!,3178.001
annotate!,3186.001
annotate!,3194.001
annotate!,3194.002
annotate!,3198.001
annotate!,3198.002
annotate!,3202.001
annotate!,3202.002
annotate!,3206.001
annotate!,3206.002
annotate!,3210.001
annotate!,3210.002
annotate!,3214.001
annotate!,3214.002
annotate!,3218.001
annotate!,3218.002
annotate!,3222.001
annotate!,3226.001
annotate!,3226.002
annotate!,3230.001
annotate!,3230.002
annotate!,3234.001
annotate!,3234.002
annotate!,3238.001
annotate!,3238.002
annotate!,3242.001
annotate!,3242.002
annotate!,3246.001
annotate!,3246.002
annotate!,3250.001
annotate!,3250.002
annotate!,3254.001
annotate!,3254.002
annotate!,3258.001
annotate!,3258.002
annotate!,3262.001
annotate!,3266.001
annotate!,3270.001
annotate!,3274.001
annotate!,3282.001
annotate!,3282.002
annotate!,3290.001
annotate!,3294.001
annotate!,3294.002
annotate!,3298.001
annotate!,3298.002
annotate!,3302.001
annotate!,3302.002
annotate!,3306.001
annotate!,3306.002
annotate!,3310.001
annotate!,3314.001
annotate!,3318.001
annotate!,3322.001
annotate!,3326.001
annotate!,3326.002
annotate!,3330.001
annotate!,3334.001
annotate!,3334.002
annotate!,3338.001
annotate!,3342.001
annotate!,3342.002
annotate!,3346.001
annotate!,3346.002
annotate!,3350.001
annotate!,3350.002
annotate!,3354.001
annotate!,3354.002
annotate!,3358.001
annotate!,3358.002
annotate!,3362.001
annotate!,3362.002
annotate!,3366.001
annotate!,3366.002
annotate!,3370.001
annotate!,3370.002
annotate!,3374.001
annotate!,3374.002
annotate!,3378.001
annotate!,3378.002
annotate!,3382.001
annotate!,3382.002
annotate!,3386.001
annotate!,3386.002
annotate!,3390.001
annotate!,3390.002
annotate!,3394.001
annotate!,3394.002
annotate!,3398.001
annotate!,3398.002
annotate!,3402.001
annotate!,3402.002
annotate!,3406.001
annotate!,3406.002
annotate!,3410.001
annotate!,3410.002
annotate!,3414.001
annotate!,3414.002
annotate!,3418.001
annotate!,3418.002
annotate!,3422.001
annotate!,3426.001
annotate!,3426.002
annotate!,3430.001
annotate!,3430.002
annotate!,3434.001
annotate!,3434.002
annotate!,3438.001
annotate!,3438.002
annotate!,3442.001
annotate!,3446.001
annotate!,3450.001
annotate!,3454.001
annotate!,3454.002
annotate!,3458.001
annotate!,3462.001
annotate!,3466.001
annotate!,3466.002
annotate!,3470.001
annotate!,3474.001
annotate!,3474.002
annotate!,3478.001
annotate!,3482.001
annotate!,3482.002
annotate!,3486.001
annotate!,3486.002
annotate!,3490.001
annotate!,3490.002
annotate!,3494.001
annotate!,3494.002
annotate!,3498.001
annotate!,3498.002
annotate!,3502.001
annotate!,3502.002
annotate!,3506.001
annotate!,3506.002
annotate!,3510.001
annotate!,3510.002
annotate!,3514.001
annotate!,3514.002
annotate!,3518.001
annotate!,3518.002
annotate!,3522.001
annotate!,3522.002
annotate!,3526.001
annotate!,3526.002
annotate!,3530.001
annotate!,3530.002
annotate!,3534.001
annotate!,3534.002
annotate!,3538.001
annotate!,3538.002
annotate!,3542.001
annotate!,3542.002
annotate!,3546.001
annotate!,3550.001
annotate!,3550.002
annotate!,3554.001
annotate!,3554.002
annotate!,3558.001
annotate!,3558.002
annotate!,3562.001
annotate!,3562.002
annotate!,3566.001
annotate!,3566.002
annotate!,3570.001
annotate!,3570.002
annotate!,3574.001
annotate!,3574.002
annotate!,3578.001
annotate!,3578.002
annotate!,3582.001
annotate!,3582.002
annotate!,3586.001
annotate!,3586.002
annotate!,3590.001
annotate!,3590.002
annotate!,3594.001
annotate!,3594.002
annotate!,3598.001
annotate!,3598.002
annotate!,3602.001
annotate!,3602.002
annotate!,3606.001
annotate!,3606.002
annotate!,3610.001
annotate!,3610.002
annotate!,3614.001
annotate!,3614.002
annotate!,3618.001
annotate!,3618.002
annotate!,3622.001
annotate!,3622.002
annotate!,3626.001
annotate!,3626.002
annotate!,3630.001
annotate!,3630.002
annotate!,3634.001
annotate!,3634.002
annotate!,3638.001
annotate!,3638.002
annotate!,3642.001
annotate!,3642.002
annotate!,3646.001
annotate!,3646.002
annotate!,3650.001
annotate!,3650.002
annotate!,3654.001
annotate!,3654.002
annotate!,3658.001
annotate!,3658.002
annotate!,3662.001
annotate!,3662.002
annotate!,3666.001
annotate!,3666.002
annotate!,3670.001
annotate!,3670.002
annotate!,3674.001
annotate!,3674.002
annotate!,3678.001
annotate!,3678.002
annotate!,3682.001
annotate!,3682.002
annotate!,3686.001
annotate!,3686.002
annotate!,3690.001
annotate!,3690.002
annotate!,3694.001
annotate!,3694.002
annotate!,3698.001
annotate!,3698.002
annotate!,3702.001
annotate!,3702.002
annotate!,3706.001
annotate!,3706.002
annotate!,3710.001
annotate!,3710.002
annotate!,3714.001
annotate!,3714.002
annotate!,3718.001
annotate!,3718.002
annotate!,3722.001
annotate!,3722.002
annotate!,3726.001
annotate!,3726.002
annotate!,3730.001
annotate!,3730.002
annotate!,3734.001
annotate!,3734.002
annotate!,3738.001
annotate!,3738.002
annotate!,3742.001
annotate!,3746.001
annotate!,3746.002
annotate!,3750.001
annotate!,3750.002
annotate!,3754.001
annotate!,3754.002
annotate!,3758.001
annotate!,3762.001
annotate!,3762.002
annotate!,3766.001
annotate!,3766.002
annotate!,3770.001
annotate!,3770.002
annotate!,3774.001
annotate!,3774.002
annotate!,3778.001
annotate!,3782.001
annotate!,3782.002
annotate!,3786.001
annotate!,3790.001
annotate!,3790.002
annotate!,3794.001
annotate!,3798.001
annotate!,3802.001
annotate!,3806.001
annotate!,3806.002
annotate!,3810.001
annotate!,3810.002
annotate!,3814.001
annotate!,3814.002
annotate!,3818.001
annotate!,3818.002
annotate!,3822.001
annotate!,3822.002
annotate!,3826.001
annotate!,3826.002
annotate!,3830.001
annotate!,3830.002
annotate!,3834.001
annotate!,3834.002
annotate!,3838.001
annotate!,3838.002
annotate!,3842.001
annotate!,3842.002
annotate!,3846.001
annotate!,3846.002
annotate!,3850.001
annotate!,3854.001
annotate!,3858.001
annotate!,3858.002
annotate!,3862.001
annotate!,3866.001
annotate!,3870.001
annotate!,3874.001
annotate!,3878.001
annotate!,3882.001
annotate!,3886.001
annotate!,3890.001
annotate!,3894.001
annotate!,3898.001
annotate!,3902.001
annotate!,3906.001
annotate!,3910.001
annotate!,3914.001
annotate!,3918.001
annotate!,3922.001
annotate!,3926.001
annotate!,3934.001
annotate!,3934.002
annotate!,3938.001
annotate!,3938.002
annotate!,3942.001
annotate!,3942.002
annotate!,3946.001
annotate!,3946.002
annotate!,3950.001
annotate!,3950.002
annotate!,3954.001
annotate!,3954.002
annotate!,3958.001
annotate!,3958.002
annotate!,3962.001
annotate!,3962.002
annotate!,3966.001
annotate!,3966.002
annotate!,3970.001
annotate!,3970.002
annotate!,3974.001
annotate!,3974.002
annotate!,3978.001
annotate!,3978.002
annotate!,3982.001
annotate!,3982.002
annotate!,3986.001
annotate!,3986.002
annotate!,3990.001
annotate!,3990.002
annotate!,3994.001
annotate!,3994.002
annotate!,3998.001
annotate!,3998.002
annotate!,4002.001
annotate!,4002.002
annotate!,4006.001
annotate!,4006.002
annotate!,4010.001
annotate!,4010.002
annotate!,4014.001
annotate!,4014.002
annotate!,4018.001
annotate!,4018.002
annotate!,4022.001
annotate!,4022.002
annotate!,4026.001
annotate!,4026.002
annotate!,4030.001
annotate!,4030.002
annotate!,4034.001
annotate!,4034.002
annotate!,4038.001
annotate!,4038.002
annotate!,4042.001
annotate!,4042.002
annotate!,4046.001
annotate!,4046.002
annotate!,4050.001
annotate!,4050.002
annotate!,4054.001
annotate!,4054.002
annotate!,4058.001
annotate!,4058.002
annotate!,4062.001
annotate!,4062.002
annotate!,4066.001
annotate!,4066.002
annotate!,4070.001
annotate!,4070.002
annotate!,4074.001
annotate!,4074.002
annotate!,4078.001
annotate!,4078.002
annotate!,4082.001
annotate!,4082.002
annotate!,4086.001
annotate!,4086.002
annotate!,4090.001
annotate!,4090.002
annotate!,4094.001
annotate!,4094.002
annotate!,4098.001
annotate!,4098.002
annotate!,4102.001
annotate!,4102.002
annotate!,4106.001
annotate!,4106.002
annotate!,4110.001
annotate!,4114.001
annotate!,4114.002
