none,2.001
none,2.002
none,6.001
none,6.002
none,10.001
none,10.002
berdiri,14.001
merayap,14.002
berdiri,18.001
merayap,18.002
berdiri,22.001
merayap,22.002
berdiri,26.001
merayap,26.002
merayap,30.001
berdiri,30.002
merayap,34.001
berdiri,34.002
merayap,38.001
berdiri,38.002
berdiri,42.001
merayap,42.002
merayap,46.001
berdiri,46.002
berdiri,50.001
merayap,50.002
merayap,54.001
berdiri,54.002
berdiri,58.001
merayap,58.002
berdiri,62.001
merayap,62.002
berdiri,66.001
merayap,66.002
merayap,70.001
berdiri,70.002
berdiri,74.001
merayap,74.002
merayap,78.001
berdiri,78.002
berdiri,82.001
merayap,82.002
merayap,86.001
berdiri,86.002
merayap,90.001
berdiri,90.002
berdiri,94.001
merayap,98.001
berdiri,98.002
none,102.001
none,102.002
none,106.001
none,106.002
none,110.001
none,110.002
none,114.001
none,114.002
berdiri,118.001
merayap,118.002
merayap,122.001
berdiri,122.002
merayap,126.001
berdiri,126.002
berdiri,130.001
merayap,130.002
berdiri,134.001
merayap,134.002
berdiri,138.001
merayap,138.002
berdiri,142.001
merayap,142.002
berdiri,146.001
merayap,146.002
berdiri,150.001
merayap,150.002
berdiri,154.001
merayap,154.002
berdiri,158.001
merayap,158.002
berdiri,162.001
merayap,162.002
none,166.001
none,166.002
none,170.001
none,170.002
none,174.001
none,174.002
berdiri,178.001
merayap,178.002
berdiri,182.001
merayap,182.002
berdiri,186.001
merayap,186.002
berdiri,190.001
merayap,190.002
merayap,194.001
berdiri,194.002
berdiri,198.001
merayap,198.002
berdiri,202.001
merayap,202.002
berdiri,206.001
merayap,206.002
berdiri,210.001
merayap,210.002
berdiri,214.001
merayap,214.002
berdiri,218.001
merayap,218.002
berdiri,222.001
merayap,222.002
berdiri,226.001
merayap,226.002
berdiri,230.001
merayap,230.002
berdiri,234.001
merayap,234.002
none,238.001
none,238.002
none,242.001
none,242.002
none,246.001
none,246.002
none,250.001
none,250.002
none,254.001
none,258.001
none,258.002
none,262.001
none,262.002
none,266.001
none,270.001
none,274.001
none,278.001
none,282.001
none,286.001
none,290.001
none,294.001
none,294.002
none,298.001
none,298.002
none,302.001
none,302.002
none,306.001
none,306.002
none,310.001
none,310.002
none,314.001
none,314.002
none,318.001
none,318.002
none,322.001
none,322.002
none,326.001
none,326.002
none,330.001
none,330.002
none,334.001
none,334.002
none,338.001
none,338.002
none,342.001
none,342.002
none,346.001
none,346.002
none,350.001
none,350.002
none,354.001
none,354.002
berjongkok,358.001
berjalan,358.002
none,362.001
berjongkok,362.002
berjalan,366.001
berjongkok,366.002
none,370.001
berjongkok,370.002
berjongkok,374.001
berjalan,374.002
none,378.001
berjongkok,378.002
berjongkok,382.001
berjalan,382.002
berjalan,386.001
berjongkok,386.002
berjalan,390.001
berjongkok,390.002
none,394.001
berjongkok,394.002
berjongkok,398.001
none,398.002
none,402.001
berjongkok,402.002
berjongkok,406.001
berjongkok,406.002
berjalan,410.001
berjongkok,410.002
none,414.001
berjalan,418.001
berjongkok,418.002
berjalan,422.001
none,422.002
berjalan,426.001
berjongkok,426.002
berjongkok,430.001
none,430.002
berjongkok,434.001
berjalan,434.002
none,438.001
berjongkok,438.002
berjalan,442.001
berjongkok,442.002
berjalan,446.001
berjongkok,446.002
berjalan,450.001
none,450.002
none,454.001
none,454.002
berjalan,458.001
berjalan,462.001
none,466.001
berjongkok,466.002
berjalan,470.001
none,470.002
none,474.001
none,478.001
none,482.001
berjalan,486.001
none,490.001
berjongkok,490.002
berjalan,494.001
berjalan,498.001
berjongkok,498.002
berjalan,502.001
berjongkok,502.002
none,506.001
berjongkok,506.002
none,510.001
berjongkok,510.002
berjongkok,514.001
berjalan,514.002
berjongkok,518.001
none,518.002
none,522.001
berjongkok,522.002
berjalan,526.001
none,526.002
none,530.001
berjalan,534.001
none,538.001
berjongkok,538.002
berjalan,542.001
berjongkok,542.002
none,546.001
berjongkok,546.002
berjalan,550.001
berjongkok,550.002
none,554.001
berjongkok,554.002
berjalan,558.001
berjongkok,558.002
none,562.001
berjongkok,562.002
berjongkok,566.001
berjalan,566.002
none,570.001
none,570.002
berjalan,574.001
berjongkok,574.002
none,578.001
berjalan,582.001
berjongkok,582.002
berjalan,586.001
none,586.002
berjalan,590.001
berjongkok,590.002
none,594.001
berjongkok,594.002
none,598.001
none,602.001
berjongkok,602.002
none,606.001
none,606.002
none,610.001
none,610.002
berjalan,614.001
berjongkok,614.002
berjalan,618.001
none,622.001
berjongkok,622.002
berjalan,626.001
none,626.002
none,630.001
none,630.002
none,634.001
none,634.002
none,638.001
berjalan,642.001
none,646.001
berjalan,650.001
none,654.001
none,654.002
berjalan,658.001
berjongkok,658.002
none,662.001
berjongkok,662.002
berjalan,666.001
berjongkok,666.002
none,670.001
berjongkok,670.002
berjongkok,674.001
berjalan,674.002
none,678.001
berjongkok,678.002
berjalan,682.001
berjongkok,682.002
none,686.001
none,686.002
berjalan,690.001
none,694.001
none,694.002
none,698.001
berjongkok,698.002
none,702.001
berjongkok,702.002
berjalan,706.001
berjongkok,706.002
none,710.001
berjongkok,710.002
berjalan,714.001
none,718.001
none,718.002
none,722.001
none,722.002
none,726.001
none,726.002
berjalan,730.001
berjongkok,730.002
berjalan,734.001
berjongkok,734.002
berjongkok,738.001
none,738.002
berjalan,742.001
berjongkok,742.002
berjongkok,746.001
none,746.002
berjongkok,750.001
none,750.002
none,754.001
berjongkok,754.002
none,758.001
none,758.002
none,762.001
none,762.002
none,766.001
none,770.001
none,770.002
berjalan,774.001
berjongkok,774.002
none,778.001
berjongkok,778.002
berjongkok,782.001
berjalan,782.002
none,786.001
berjongkok,786.002
berjalan,790.001
berjongkok,790.002
none,794.001
berjongkok,794.002
berjalan,798.001
berjongkok,798.002
none,802.001
berjongkok,802.002
none,806.001
berjongkok,806.002
berjongkok,810.001
none,810.002
berjongkok,814.001
none,814.002
berjongkok,818.001
none,818.002
none,822.001
berjongkok,822.002
none,826.001
berjongkok,826.002
none,830.001
berjongkok,830.002
none,834.001
berjongkok,834.002
none,838.001
berjongkok,838.002
berjongkok,842.001
berjalan,842.002
none,846.001
berjongkok,846.002
berjalan,850.001
berjongkok,850.002
none,854.001
none,854.002
berjalan,858.001
berjongkok,858.002
berjongkok,862.001
none,862.002
berjalan,866.001
berjongkok,866.002
none,870.001
none,870.002
none,874.001
none,874.002
berjalan,878.001
none,878.002
none,882.001
berjongkok,882.002
berjalan,886.001
berjongkok,886.002
none,890.001
berjongkok,890.002
berjalan,894.001
berjongkok,894.002
none,898.001
berjongkok,898.002
berjalan,902.001
berjongkok,902.002
none,906.001
berjongkok,906.002
berjalan,910.001
berjongkok,910.002
none,914.001
berjongkok,914.002
none,918.001
berjongkok,918.002
none,922.001
berjongkok,922.002
berjalan,926.001
berjongkok,926.002
berjongkok,930.001
none,930.002
none,934.001
none,934.002
none,938.001
none,938.002
none,942.001
none,946.001
none,950.001
berjongkok,950.002
berjalan,954.001
berjongkok,954.002
berjalan,958.001
berjongkok,958.002
none,962.001
berjongkok,962.002
none,966.001
berjongkok,966.002
berjalan,970.001
berjongkok,970.002
none,974.001
berjongkok,974.002
berjalan,978.001
berjongkok,978.002
none,982.001
berjongkok,982.002
berjalan,986.001
berjongkok,986.002
none,990.001
berjongkok,990.002
none,994.001
berjongkok,994.002
none,998.001
berjongkok,998.002
none,1002.001
berjongkok,1002.002
berjalan,1006.001
berjongkok,1006.002
none,1010.001
berjongkok,1010.002
berjalan,1014.001
none,1014.002
none,1018.001
berjalan,1022.001
berjongkok,1022.002
none,1026.001
berjongkok,1026.002
berjalan,1030.001
berjongkok,1030.002
none,1034.001
berjongkok,1034.002
berjongkok,1038.001
berjalan,1038.002
none,1042.001
none,1042.002
none,1046.001
none,1046.002
none,1050.001
none,1050.002
none,1054.001
none,1054.002
none,1058.001
none,1058.002
none,1062.001
none,1062.002
none,1066.001
none,1066.002
none,1070.001
berjalan,1074.001
none,1074.002
none,1078.001
berjongkok,1078.002
berjongkok,1082.001
berjalan,1082.002
none,1086.001
berjongkok,1086.002
berjalan,1090.001
none,1090.002
none,1094.001
none,1094.002
none,1098.001
none,1098.002
none,1102.001
none,1102.002
none,1106.001
none,1106.002
none,1110.001
none,1110.002
none,1114.001
none,1118.001
none,1118.002
none,1126.001
none,1142.001
none,1146.001
none,1150.001
none,1154.001
none,1154.002
none,1158.001
none,1162.001
none,1162.002
none,1166.001
none,1166.002
none,1170.001
none,1170.002
none,1174.001
none,1174.002
none,1178.001
none,1178.002
none,1182.001
none,1182.002
none,1186.001
none,1190.001
none,1194.001
none,1194.002
none,1198.001
none,1198.002
none,1202.001
none,1202.002
none,1206.001
none,1206.002
none,1210.001
none,1210.002
none,1214.001
none,1214.002
none,1218.001
none,1218.002
membidik (l. panjang),1222.001
berdiri,1222.001
membidik (l. pendek),1222.002
merayap,1222.002
membidik (l. panjang),1226.001
berdiri,1226.001
membidik (l. pendek),1226.002
merayap,1226.002
membidik (l. panjang),1230.001
berdiri,1230.001
membidik (l. pendek),1230.002
merayap,1230.002
membidik (l. panjang),1234.001
berdiri,1234.001
membidik (l. pendek),1234.002
merayap,1234.002
membidik (l. panjang),1238.001
berdiri,1238.001
membidik (l. pendek),1238.002
merayap,1238.002
membidik (l. panjang),1242.001
berdiri,1242.001
membidik (l. pendek),1242.002
merayap,1242.002
membidik (l. panjang),1246.001
berdiri,1246.001
membidik (l. pendek),1246.002
merayap,1246.002
membidik (l. panjang),1250.001
berdiri,1250.001
none,1250.002
none,1254.001
membidik (l. panjang),1254.002
berdiri,1254.002
none,1258.001
membidik (l. panjang),1258.002
berdiri,1258.002
membidik (l. pendek),1262.001
merayap,1262.001
membidik (l. panjang),1262.002
berdiri,1262.002
membidik (l. pendek),1266.001
merayap,1266.001
membidik (l. panjang),1266.002
berdiri,1266.002
membidik (l. pendek),1270.001
merayap,1270.001
membidik (l. panjang),1270.002
berdiri,1270.002
membidik (l. pendek),1274.001
merayap,1274.001
membidik (l. panjang),1274.002
berdiri,1274.002
membidik (l. pendek),1278.001
merayap,1278.001
membidik (l. panjang),1278.002
berdiri,1278.002
membidik (l. panjang),1282.001
berdiri,1282.001
membidik (l. pendek),1282.002
merayap,1282.002
membidik (l. pendek),1286.001
merayap,1286.001
membidik (l. panjang),1286.002
berdiri,1286.002
membidik (l. pendek),1290.001
merayap,1290.001
membidik (l. panjang),1290.002
berdiri,1290.002
none,1294.001
none,1294.002
none,1298.001
none,1298.002
none,1302.001
none,1302.002
none,1306.001
none,1306.002
none,1310.001
none,1310.002
none,1314.001
none,1314.002
membidik (l. pendek),1318.001
merayap,1318.001
membidik (l. panjang),1318.002
berdiri,1318.002
membidik (l. pendek),1322.001
merayap,1322.001
membidik (l. panjang),1322.002
berdiri,1322.002
membidik (l. pendek),1326.001
merayap,1326.001
membidik (l. panjang),1326.002
berdiri,1326.002
membidik (l. pendek),1330.001
merayap,1330.001
membidik (l. panjang),1330.002
berdiri,1330.002
membidik (l. pendek),1334.001
merayap,1334.001
membidik (l. panjang),1334.002
berdiri,1334.002
membidik (l. pendek),1338.001
merayap,1338.001
membidik (l. panjang),1338.002
berdiri,1338.002
none,1342.001
none,1342.002
none,1346.001
none,1346.002
none,1350.001
none,1350.002
none,1354.001
none,1354.002
none,1358.001
none,1358.002
none,1362.001
none,1362.002
none,1366.001
none,1366.002
none,1370.001
none,1370.002
none,1374.001
none,1374.002
none,1378.001
none,1378.002
none,1382.001
none,1382.002
none,1386.001
none,1386.002
none,1390.001
none,1390.002
none,1394.001
none,1394.002
none,1398.001
none,1398.002
none,1402.001
none,1402.002
membidik (l. panjang),1406.001
berdiri,1406.001
membidik (l. pendek),1406.002
merayap,1406.002
membidik (l. panjang),1410.001
berdiri,1410.001
membidik (l. pendek),1410.002
merayap,1410.002
membidik (l. panjang),1414.001
berdiri,1414.001
none,1414.002
none,1418.001
none,1418.002
none,1422.001
none,1422.002
none,1426.001
none,1426.002
none,1430.001
none,1430.002
none,1434.001
none,1438.001
none,1438.002
none,1442.001
none,1442.002
none,1446.001
none,1446.002
none,1450.001
none,1450.002
none,1454.001
none,1454.002
none,1458.001
none,1458.002
none,1462.001
none,1462.002
none,1466.001
none,1466.002
none,1470.001
none,1470.002
none,1474.001
none,1474.002
none,1478.001
none,1478.002
none,1482.001
none,1482.002
none,1486.001
none,1486.002
none,1490.001
none,1490.002
none,1494.001
none,1494.002
membidik (l. pendek),1498.001
berjongkok,1498.001
membidik (l. panjang),1498.002
berjalan,1498.002
membidik (l. pendek),1502.001
berjongkok,1502.001
membidik (l. panjang),1502.002
berjalan,1502.002
membidik (l. pendek),1506.001
berjongkok,1506.001
none,1506.002
membidik (l. panjang),1510.001
berjalan,1510.001
none,1510.002
none,1514.001
membidik (l. panjang),1518.001
berjalan,1518.001
membidik (l. pendek),1518.002
berjongkok,1518.002
none,1522.001
membidik (l. pendek),1522.002
berjongkok,1522.002
membidik (l. pendek),1526.001
berjongkok,1526.001
none,1526.002
membidik (l. panjang),1530.001
berjalan,1530.001
membidik (l. pendek),1530.002
berjongkok,1530.002
none,1534.001
membidik (l. pendek),1534.002
berjongkok,1534.002
membidik (l. pendek),1538.001
berjongkok,1538.001
none,1538.002
none,1542.001
membidik (l. pendek),1542.002
berjongkok,1542.002
membidik (l. pendek),1546.001
berjongkok,1546.001
membidik (l. panjang),1546.002
berjalan,1546.002
membidik (l. pendek),1550.001
berjongkok,1550.001
none,1550.002
membidik (l. pendek),1554.001
berjongkok,1554.001
none,1554.002
membidik (l. panjang),1558.001
berjalan,1558.001
membidik (l. pendek),1558.002
berjongkok,1558.002
none,1562.001
none,1562.002
membidik (l. panjang),1566.001
berjalan,1566.001
none,1566.002
none,1570.001
membidik (l. pendek),1574.001
berjongkok,1574.001
membidik (l. panjang),1574.002
berjalan,1574.002
none,1578.001
none,1578.002
none,1582.001
none,1582.002
membidik (l. pendek),1586.001
berjongkok,1586.001
none,1586.002
none,1590.001
membidik (l. pendek),1590.002
berjongkok,1590.002
none,1594.001
membidik (l. pendek),1594.002
berjongkok,1594.002
membidik (l. pendek),1598.001
berjongkok,1598.001
none,1598.002
membidik (l. pendek),1602.001
berjongkok,1602.001
membidik (l. panjang),1602.002
berjalan,1602.002
membidik (l. pendek),1606.001
berjongkok,1606.001
none,1606.002
none,1610.001
membidik (l. pendek),1610.002
berjongkok,1610.002
membidik (l. pendek),1614.001
berjongkok,1614.001
none,1614.002
membidik (l. pendek),1618.001
berjongkok,1618.001
none,1618.002
membidik (l. panjang),1622.001
berjalan,1622.001
membidik (l. pendek),1622.002
berjongkok,1622.002
none,1626.001
membidik (l. pendek),1626.002
berjongkok,1626.002
membidik (l. pendek),1630.001
berjongkok,1630.001
membidik (l. panjang),1630.002
berjalan,1630.002
membidik (l. pendek),1634.001
berjongkok,1634.001
none,1634.002
membidik (l. panjang),1638.001
berjalan,1638.001
none,1638.002
membidik (l. panjang),1642.001
berjalan,1642.001
none,1646.001
membidik (l. pendek),1646.002
berjongkok,1646.002
membidik (l. panjang),1650.001
berjalan,1650.001
none,1654.001
membidik (l. pendek),1654.002
berjongkok,1654.002
membidik (l. pendek),1658.001
berjongkok,1658.001
membidik (l. panjang),1658.002
berjalan,1658.002
membidik (l. pendek),1662.001
berjongkok,1662.001
none,1662.002
membidik (l. pendek),1666.001
berjongkok,1666.001
membidik (l. panjang),1666.002
berjalan,1666.002
none,1670.001
membidik (l. pendek),1670.002
berjongkok,1670.002
membidik (l. panjang),1674.001
berjalan,1674.001
membidik (l. pendek),1674.002
berjongkok,1674.002
none,1678.001
none,1678.002
none,1682.001
none,1682.002
none,1686.001
none,1686.002
membidik (l. panjang),1690.001
berjongkok,1690.001
membidik (l. pendek),1690.002
berjalan,1690.002
membidik (l. panjang),1694.001
berjongkok,1694.001
none,1694.002
none,1698.001
membidik (l. panjang),1698.002
berjongkok,1698.002
none,1702.001
membidik (l. panjang),1702.002
berjongkok,1702.002
membidik (l. panjang),1706.001
berjongkok,1706.001
membidik (l. pendek),1706.002
berjalan,1706.002
none,1710.001
membidik (l. panjang),1710.002
berjongkok,1710.002
none,1714.001
membidik (l. panjang),1714.002
berjongkok,1714.002
none,1718.001
membidik (l. panjang),1718.002
berjongkok,1718.002
none,1722.001
membidik (l. panjang),1722.002
berjongkok,1722.002
none,1726.001
membidik (l. panjang),1726.002
berjongkok,1726.002
none,1730.001
membidik (l. panjang),1730.002
berjongkok,1730.002
none,1734.001
membidik (l. panjang),1734.002
berjongkok,1734.002
none,1738.001
membidik (l. pendek),1738.002
berjalan,1738.002
none,1742.001
membidik (l. panjang),1742.002
berjongkok,1742.002
none,1746.001
membidik (l. panjang),1746.002
berjongkok,1746.002
none,1750.001
membidik (l. panjang),1750.002
berjongkok,1750.002
none,1754.001
membidik (l. panjang),1754.002
berjongkok,1754.002
membidik (l. pendek),1758.001
berjalan,1758.001
membidik (l. panjang),1758.002
berjongkok,1758.002
none,1762.001
membidik (l. panjang),1762.002
berjongkok,1762.002
membidik (l. pendek),1766.001
berjalan,1766.001
membidik (l. panjang),1766.002
berjongkok,1766.002
none,1770.001
membidik (l. panjang),1770.002
berjongkok,1770.002
none,1774.001
membidik (l. panjang),1774.002
berjongkok,1774.002
none,1778.001
none,1782.001
none,1782.002
none,1786.001
none,1786.002
none,1790.001
none,1790.002
none,1794.001
none,1794.002
none,1798.001
none,1798.002
none,1802.001
none,1802.002
none,1806.001
none,1806.002
none,1810.001
none,1810.002
membidik (l. panjang),1814.001
berjongkok,1814.001
membidik (l. pendek),1814.002
berjalan,1814.002
none,1818.001
membidik (l. panjang),1818.002
berjongkok,1818.002
membidik (l. panjang),1822.001
berjongkok,1822.001
none,1822.002
membidik (l. panjang),1826.001
berjongkok,1826.001
none,1826.002
membidik (l. pendek),1830.001
berjalan,1830.001
membidik (l. panjang),1830.002
berjongkok,1830.002
none,1834.001
none,1834.002
none,1838.001
none,1838.002
none,1842.001
none,1842.002
none,1846.001
none,1846.002
none,1850.001
none,1854.001
none,1854.002
none,1858.001
none,1858.002
none,1862.001
none,1862.002
none,1866.001
none,1866.002
none,1870.001
none,1870.002
none,1874.001
none,1874.002
membidik (l. pendek),1878.001
berdiri,1878.001
membidik (l. panjang),1878.002
merayap,1878.002
membidik (l. pendek),1882.001
berdiri,1882.001
membidik (l. panjang),1882.002
merayap,1882.002
membidik (l. pendek),1886.001
berdiri,1886.001
membidik (l. panjang),1886.002
merayap,1886.002
membidik (l. pendek),1890.001
berdiri,1890.001
membidik (l. panjang),1890.002
merayap,1890.002
membidik (l. pendek),1894.001
berdiri,1894.001
membidik (l. panjang),1894.002
merayap,1894.002
none,1898.001
none,1898.002
none,1902.001
none,1902.002
none,1906.001
none,1906.002
membidik (l. pendek),1910.001
berdiri,1910.001
membidik (l. panjang),1910.002
merayap,1910.002
membidik (l. pendek),1914.001
berdiri,1914.001
membidik (l. panjang),1914.002
merayap,1914.002
membidik (l. pendek),1918.001
berdiri,1918.001
membidik (l. panjang),1918.002
merayap,1918.002
membidik (l. pendek),1922.001
berdiri,1922.001
membidik (l. panjang),1922.002
merayap,1922.002
membidik (l. pendek),1926.001
berdiri,1926.001
membidik (l. panjang),1926.002
merayap,1926.002
membidik (l. pendek),1930.001
berdiri,1930.001
membidik (l. panjang),1930.002
merayap,1930.002
membidik (l. pendek),1934.001
berdiri,1934.001
membidik (l. panjang),1934.002
merayap,1934.002
membidik (l. pendek),1938.001
berdiri,1938.001
membidik (l. panjang),1938.002
merayap,1938.002
none,1942.001
none,1942.002
none,1946.001
none,1946.002
none,1950.001
none,1950.002
none,1954.001
none,1954.002
none,1958.001
none,1958.002
membidik (l. panjang),1962.001
merayap,1962.001
membidik (l. pendek),1962.002
berdiri,1962.002
membidik (l. panjang),1966.001
merayap,1966.001
membidik (l. pendek),1966.002
berdiri,1966.002
membidik (l. pendek),1970.001
berdiri,1970.001
membidik (l. panjang),1970.002
merayap,1970.002
membidik (l. pendek),1974.001
berdiri,1974.001
membidik (l. panjang),1974.002
merayap,1974.002
membidik (l. pendek),1978.001
berdiri,1978.001
membidik (l. panjang),1978.002
merayap,1978.002
none,1982.001
none,1982.002
none,1986.001
none,1986.002
none,1990.001
none,1990.002
none,1994.001
none,1994.002
membidik (l. pendek),1998.001
berdiri,1998.001
membidik (l. panjang),1998.002
merayap,1998.002
membidik (l. pendek),2002.001
berdiri,2002.001
membidik (l. panjang),2002.002
merayap,2002.002
membidik (l. pendek),2006.001
berdiri,2006.001
membidik (l. panjang),2006.002
merayap,2006.002
membidik (l. pendek),2010.001
berdiri,2010.001
membidik (l. panjang),2010.002
merayap,2010.002
membidik (l. pendek),2014.001
berdiri,2014.001
membidik (l. panjang),2014.002
merayap,2014.002
membidik (l. pendek),2018.001
berdiri,2018.001
membidik (l. panjang),2018.002
merayap,2018.002
membidik (l. pendek),2022.001
berdiri,2022.001
membidik (l. panjang),2022.002
merayap,2022.002
membidik (l. pendek),2026.001
berdiri,2026.001
membidik (l. panjang),2026.002
merayap,2026.002
membidik (l. pendek),2030.001
berdiri,2030.001
membidik (l. panjang),2030.002
merayap,2030.002
membidik (l. pendek),2034.001
berdiri,2034.001
membidik (l. panjang),2034.002
merayap,2034.002
none,2038.001
none,2038.002
none,2042.001
none,2042.002
none,2046.001
none,2046.002
membidik (l. pendek),2050.001
berdiri,2050.001
membidik (l. panjang),2050.002
merayap,2050.002
membidik (l. pendek),2054.001
berdiri,2054.001
membidik (l. panjang),2054.002
merayap,2054.002
membidik (l. pendek),2058.001
berdiri,2058.001
membidik (l. panjang),2058.002
merayap,2058.002
none,2062.001
none,2062.002
none,2066.001
none,2066.002
none,2070.001
none,2070.002
none,2074.001
none,2074.002
none,2078.001
none,2078.002
none,2082.001
none,2082.002
none,2086.001
none,2086.002
none,2090.001
none,2090.002
none,2094.001
none,2094.002
none,2098.001
none,2098.002
none,2102.001
none,2102.002
none,2106.001
none,2106.002
none,2110.001
none,2114.001
none,2118.001
none,2122.001
none,2126.001
none,2130.001
none,2130.002
none,2134.001
none,2134.002
none,2138.001
none,2138.002
none,2142.001
none,2142.002
none,2146.001
none,2146.002
none,2150.001
none,2150.002
none,2154.001
none,2154.002
none,2158.001
none,2158.002
none,2162.001
none,2162.002
none,2166.001
none,2166.002
none,2170.001
none,2170.002
none,2174.001
none,2174.002
none,2178.001
none,2178.002
none,2182.001
none,2182.002
menusuk,2186.001
berdiri,2186.001
none,2186.002
none,2190.001
none,2190.002
none,2194.001
none,2194.002
none,2198.001
none,2198.002
none,2202.001
none,2202.002
none,2206.001
none,2206.002
none,2210.001
none,2210.002
none,2214.001
none,2214.002
none,2218.001
none,2218.002
menusuk,2222.001
berdiri,2222.001
none,2222.002
none,2226.001
none,2226.002
none,2230.001
none,2230.002
menusuk,2234.001
berdiri,2234.001
none,2234.002
none,2238.001
none,2238.002
none,2242.001
none,2242.002
none,2246.001
none,2246.002
none,2250.001
none,2250.002
none,2254.001
none,2254.002
none,2258.001
none,2258.002
none,2262.001
none,2262.002
none,2266.001
none,2266.002
none,2270.001
none,2270.002
none,2274.001
none,2274.002
none,2278.001
none,2278.002
none,2282.001
none,2282.002
none,2286.001
none,2286.002
none,2290.001
none,2290.002
none,2294.001
none,2294.002
none,2298.001
none,2298.002
none,2302.001
none,2302.002
none,2306.001
none,2306.002
menusuk,2310.001
berdiri,2310.001
none,2310.002
none,2314.001
none,2314.002
none,2318.001
none,2318.002
none,2322.001
menusuk,2322.002
berdiri,2322.002
none,2326.001
none,2326.002
none,2330.001
none,2330.002
none,2334.001
none,2334.002
none,2338.001
none,2338.002
none,2342.001
none,2342.002
menusuk,2346.001
berdiri,2346.001
none,2346.002
none,2350.001
none,2350.002
none,2354.001
none,2354.002
none,2358.001
none,2358.002
none,2362.001
none,2362.002
none,2366.001
none,2366.002
none,2370.001
none,2370.002
none,2374.001
none,2374.002
none,2378.001
none,2378.002
none,2382.001
none,2382.002
menusuk,2386.001
berdiri,2386.001
none,2386.002
none,2390.001
none,2390.002
none,2394.001
none,2394.002
menusuk,2398.001
berdiri,2398.001
none,2398.002
none,2402.001
none,2402.002
none,2406.001
none,2406.002
none,2410.001
none,2410.002
menusuk,2414.001
berdiri,2414.001
none,2414.002
none,2418.001
none,2418.002
none,2422.001
none,2422.002
menusuk,2426.001
berdiri,2426.001
none,2426.002
none,2430.001
none,2430.002
menusuk,2434.001
berdiri,2434.001
none,2434.002
none,2438.001
none,2438.002
none,2442.001
none,2442.002
menusuk,2446.001
berdiri,2446.001
none,2446.002
none,2450.001
none,2450.002
none,2454.001
none,2454.002
menusuk,2458.001
berdiri,2458.001
none,2458.002
none,2462.001
none,2462.002
none,2466.001
none,2466.002
menusuk,2470.001
berdiri,2470.001
none,2470.002
none,2474.001
none,2474.002
none,2478.001
none,2478.002
menusuk,2482.001
berdiri,2482.001
none,2482.002
none,2486.001
none,2486.002
none,2490.001
none,2490.002
none,2494.001
none,2494.002
none,2498.001
menusuk,2498.002
berdiri,2498.002
none,2502.001
none,2502.002
none,2506.001
none,2506.002
menusuk,2510.001
berdiri,2510.001
none,2514.001
none,2518.001
menusuk,2522.001
berdiri,2522.001
none,2526.001
none,2530.001
none,2530.002
menusuk,2534.001
berdiri,2534.001
none,2538.001
none,2538.002
none,2542.001
menusuk,2542.002
berdiri,2542.002
none,2546.001
none,2546.002
none,2550.001
none,2550.002
none,2554.001
menusuk,2554.002
berdiri,2554.002
none,2558.001
none,2558.002
none,2562.001
none,2562.002
none,2566.001
menusuk,2566.002
berdiri,2566.002
none,2570.001
none,2570.002
none,2574.001
none,2574.002
none,2578.001
none,2578.002
none,2582.001
none,2582.002
none,2586.001
menusuk,2586.002
berdiri,2586.002
none,2590.001
none,2590.002
none,2594.001
none,2594.002
menusuk,2598.001
berdiri,2598.001
none,2598.002
none,2602.001
none,2602.002
none,2606.001
menusuk,2606.002
berdiri,2606.002
none,2610.001
none,2610.002
none,2614.001
none,2614.002
menusuk,2618.001
berdiri,2618.001
none,2618.002
none,2622.001
none,2622.002
none,2626.001
none,2626.002
menusuk,2630.001
berdiri,2630.001
none,2630.002
none,2634.001
none,2634.002
menusuk,2638.001
berdiri,2638.001
none,2638.002
none,2642.001
none,2642.002
none,2646.001
none,2646.002
menusuk,2650.001
berdiri,2650.001
none,2650.002
none,2654.001
none,2654.002
none,2658.001
none,2658.002
none,2662.001
menusuk,2662.002
berdiri,2662.002
none,2666.001
none,2666.002
none,2670.001
none,2670.002
menusuk,2674.001
berdiri,2674.001
none,2674.002
none,2678.001
none,2678.002
none,2682.001
none,2682.002
none,2686.001
none,2686.002
none,2690.001
menusuk,2690.002
berdiri,2690.002
none,2694.001
none,2694.002
none,2698.001
none,2698.002
menusuk,2702.001
berdiri,2702.001
none,2702.002
none,2706.001
none,2706.002
none,2710.001
none,2710.002
none,2714.001
menusuk,2714.002
berdiri,2714.002
none,2718.001
none,2718.002
none,2722.001
none,2722.002
none,2726.001
menusuk,2726.002
berdiri,2726.002
none,2730.001
none,2730.002
none,2734.001
none,2734.002
none,2738.001
menusuk,2738.002
berdiri,2738.002
none,2742.001
none,2742.002
none,2746.001
none,2746.002
none,2750.001
menusuk,2750.002
berdiri,2750.002
none,2754.001
none,2754.002
none,2758.001
none,2758.002
none,2762.001
none,2762.002
none,2766.001
none,2766.002
none,2770.001
none,2770.002
none,2774.001
none,2774.002
none,2778.001
none,2778.002
none,2782.001
none,2782.002
none,2786.001
menusuk,2786.002
berdiri,2786.002
none,2790.001
none,2790.002
none,2794.001
none,2794.002
none,2798.001
menusuk,2798.002
berdiri,2798.002
none,2802.001
none,2802.002
none,2806.001
none,2806.002
none,2810.001
menusuk,2810.002
berdiri,2810.002
none,2814.001
none,2814.002
none,2818.001
none,2818.002
none,2822.001
menusuk,2822.002
berdiri,2822.002
none,2826.001
none,2826.002
none,2830.001
none,2830.002
none,2834.001
menusuk,2834.002
berdiri,2834.002
none,2838.001
none,2838.002
none,2842.001
none,2842.002
none,2846.001
menusuk,2846.002
berdiri,2846.002
none,2850.001
none,2850.002
none,2854.001
none,2854.002
none,2858.001
none,2858.002
none,2862.001
none,2862.002
none,2866.001
menusuk,2866.002
berdiri,2866.002
none,2870.001
none,2870.002
none,2874.001
none,2874.002
menusuk,2878.001
berdiri,2878.001
none,2878.002
none,2882.001
none,2882.002
none,2886.001
none,2886.002
none,2890.001
none,2890.002
none,2894.001
none,2894.002
none,2898.001
none,2898.002
none,2902.001
none,2902.002
none,2906.001
none,2906.002
none,2910.001
none,2910.002
none,2914.001
none,2914.002
none,2918.001
none,2918.002
none,2922.001
none,2922.002
none,2926.001
none,2926.002
none,2930.001
none,2930.002
none,2934.001
none,2934.002
menusuk,2938.001
berdiri,2938.001
none,2938.002
none,2942.001
none,2942.002
none,2946.001
none,2946.002
none,2950.001
none,2950.002
none,2954.001
menusuk,2954.002
berdiri,2954.002
none,2958.001
none,2958.002
none,2962.001
none,2962.002
none,2966.001
none,2966.002
none,2970.001
none,2970.002
none,2974.001
none,2974.002
none,2978.001
none,2978.002
none,2982.001
none,2982.002
none,2986.001
none,2986.002
none,2990.001
none,2990.002
none,2994.001
none,2994.002
none,2998.001
none,2998.002
none,3002.001
none,3002.002
none,3006.001
none,3006.002
none,3010.001
none,3010.002
none,3014.001
none,3014.002
none,3018.001
none,3018.002
none,3022.001
none,3022.002
none,3026.001
none,3026.002
none,3030.001
none,3030.002
none,3034.001
none,3034.002
none,3038.001
none,3038.002
none,3042.001
none,3042.002
menusuk,3046.001
berdiri,3046.001
none,3046.002
none,3050.001
none,3050.002
none,3054.001
none,3054.002
menusuk,3058.001
berdiri,3058.001
none,3058.002
none,3062.001
none,3062.002
none,3066.001
menusuk,3066.002
berdiri,3066.002
none,3070.001
none,3070.002
none,3074.001
none,3074.002
none,3078.001
menusuk,3078.002
berdiri,3078.002
none,3082.001
none,3082.002
none,3086.001
none,3086.002
menusuk,3090.001
berdiri,3090.001
none,3090.002
none,3094.001
none,3094.002
none,3098.001
none,3098.002
menusuk,3102.001
berdiri,3102.001
none,3102.002
none,3106.001
none,3106.002
none,3110.001
none,3110.002
menusuk,3114.001
berdiri,3114.001
none,3114.002
none,3118.001
none,3118.002
none,3122.001
none,3122.002
none,3126.001
none,3126.002
none,3130.001
none,3130.002
none,3134.001
none,3134.002
menusuk,3138.001
berdiri,3138.001
none,3138.002
none,3142.001
none,3142.002
none,3146.001
none,3146.002
none,3150.001
none,3150.002
none,3154.001
none,3154.002
none,3158.001
none,3158.002
none,3162.001
none,3162.002
none,3166.001
none,3166.002
menusuk,3170.001
berdiri,3170.001
none,3170.002
none,3174.001
none,3174.002
none,3178.001
none,3178.002
menusuk,3182.001
berdiri,3182.001
none,3182.002
none,3186.001
none,3186.002
none,3190.001
none,3190.002
none,3194.001
none,3194.002
menusuk,3198.001
berdiri,3198.001
none,3198.002
none,3202.001
none,3202.002
menusuk,3206.001
berdiri,3206.001
none,3206.002
none,3210.001
none,3210.002
none,3214.001
none,3214.002
menusuk,3218.001
berdiri,3218.001
none,3218.002
none,3222.001
none,3222.002
none,3226.001
none,3226.002
menusuk,3230.001
berdiri,3230.001
none,3230.002
none,3234.001
none,3234.002
none,3238.001
none,3238.002
menusuk,3242.001
berdiri,3242.001
none,3242.002
none,3246.001
none,3246.002
none,3250.001
none,3250.002
